points,tier_id,tier_name,earned_date,member_id,event_id
10,,,2/2/2022,348405118,registration1
5,,,2/3/2022,348405118,event1
5,,,2/3/2022,348405118,event1
1,,,2/23/2022,348405118,event2
2,,,2/24/2022,348405118,event3
2,,,3/7/2022,348405118,event4
2,,,3/11/2022,348405118,event5
1,,,3/24/2022,348405118,event6
2,,,3/25/2022,348405118,event7
2,,,3/25/2022,348405118,event7
2,,,4/11/2022,348405118,event8
2,,,4/30/2022,348405118,event9
2,,,5/1/2022,348405118,event10
5,,,5/2/2022,348405118,event11
2,,,5/19/2022,348405118,event12
-5,,,5/23/2022,348405118,event13
1,,,6/12/2022,348405118,event14
2,,,7/8/2022,348405118,event15
2,,,7/8/2022,348405118,event15
2,,,7/8/2022,348405118,event15
6,,,7/8/2022,348405118,event15
1,,,7/8/2022,348405118,event15
1,,,7/8/2022,348405118,event15
5,,,7/8/2022,348405118,event15
2,,,7/8/2022,348405118,event15
3,,,7/8/2022,348405118,event15
1,,,7/8/2022,348405118,event15
2,,,7/8/2022,348405118,event15
2,,,7/8/2022,348405118,event15
5,,,7/8/2022,348405118,event15
1,,,7/8/2022,348405118,event15
5,,,7/8/2022,348405118,event15
2,,,7/8/2022,348405118,event15
1,,,10/5/2022,348405118,event16
2,,,10/6/2022,348405118,event17
2,,,10/16/2022,348405118,event18
1,,,10/23/2022,348405118,event19
1,,,10/23/2022,348405118,event19
1,,,10/23/2022,348405118,event19
8,,,10/23/2022,348405118,event19
2,,,10/23/2022,348405118,event19
-1,,,11/20/2022,348405118,event20
-1,,,11/24/2022,348405118,event21
-2,,,11/27/2022,348405118,event22
-2,,,12/8/2022,348405118,event23
-2,,,12/14/2022,348405118,event24
-1,,,12/26/2022,348405118,event25
-2,,,12/27/2022,348405118,event26
-1,,,12/28/2022,348405118,event27
10,,,1/4/2022,412120092,event29
9,,,1/5/2022,412120092,event30
9,,,1/5/2022,412120092,event30
12,,,1/5/2022,412120092,event30
6,,,1/5/2022,412120092,event30
2,,,1/5/2022,412120092,event30
9,,,1/5/2022,412120092,event30
16,,,1/5/2022,412120092,event30
9,,,1/5/2022,412120092,event30
16,,,1/5/2022,412120092,event30
9,,,1/5/2022,412120092,event30
12,,,1/5/2022,412120092,event30
14,,,3/10/2022,412120092,event31
10,,,3/10/2022,412120092,event31
8,,,3/10/2022,412120092,event31
12,,,3/10/2022,412120092,event31
3,,,3/10/2022,412120092,event31
7,,,3/10/2022,412120092,event31
12,,,3/10/2022,412120092,event31
20,,,3/10/2022,412120092,event31
12,,,3/10/2022,412120092,event31
3,,,4/9/2022,412120092,event32
15,,,4/9/2022,412120092,event32
51,,,4/9/2022,412120092,event32
10,,,4/9/2022,412120092,event32
8,,,4/9/2022,412120092,event32
12,,,4/9/2022,412120092,event32
4,,,4/9/2022,412120092,event32
14,,,5/6/2022,412120092,event33
10,,,5/10/2022,412120092,event34
21,,,5/14/2022,412120092,event35
11,,,5/14/2022,412120092,event35
51,,,5/14/2022,412120092,event35
20,,,5/14/2022,412120092,event35
9,,,5/14/2022,412120092,event35
51,,,6/2/2022,412120092,event36
10,,,6/2/2022,412120092,event36
24,,,6/2/2022,412120092,event36
16,,,6/2/2022,412120092,event36
14,,,6/2/2022,412120092,event36
11,,,6/2/2022,412120092,event36
-28,,,8/19/2022,412120092,event37
-34,,,8/19/2022,412120092,event37
-27,,,8/19/2022,412120092,event37
10,,,1/12/2022,494077766,event40
6,,,1/13/2022,494077766,event41
3,,,1/13/2022,494077766,event41
1,,,1/13/2022,494077766,event41
3,,,1/13/2022,494077766,event41
1,,,1/13/2022,494077766,event41
3,,,1/13/2022,494077766,event41
2,,,1/13/2022,494077766,event41
4,,,1/13/2022,494077766,event41
2,,,3/5/2022,494077766,event42
1,,,3/5/2022,494077766,event42
8,,,3/5/2022,494077766,event42
2,,,3/5/2022,494077766,event42
1,,,3/5/2022,494077766,event42
4,,,3/5/2022,494077766,event42
5,,,3/5/2022,494077766,event42
2,,,3/5/2022,494077766,event42
2,,,3/5/2022,494077766,event42
6,,,3/25/2022,494077766,event43
1,,,3/25/2022,494077766,event43
3,,,3/25/2022,494077766,event43
6,,,3/25/2022,494077766,event43
1,,,3/25/2022,494077766,event43
1,,,3/25/2022,494077766,event43
1,,,3/25/2022,494077766,event43
1,,,3/25/2022,494077766,event43
0,,,3/25/2022,494077766,event43
6,,,3/25/2022,494077766,event43
6,,,3/25/2022,494077766,event43
1,,,3/25/2022,494077766,event43
1,,,3/25/2022,494077766,event43
5,,,3/25/2022,494077766,event43
1,,,3/25/2022,494077766,event43
1,,,3/25/2022,494077766,event43
6,,,6/3/2022,494077766,event44
2,,,6/3/2022,494077766,event44
1,,,6/3/2022,494077766,event44
2,,,6/3/2022,494077766,event44
3,,,6/3/2022,494077766,event44
3,,,6/3/2022,494077766,event44
1,,,6/14/2022,494077766,event45
6,,,6/27/2022,494077766,event46
-2,,,8/10/2022,494077766,event47
-5,,,8/10/2022,494077766,event47
-1,,,8/10/2022,494077766,event47
-3,,,8/10/2022,494077766,event47
10,,,3/23/2022,546170008,event60
15,,,3/24/2022,546170008,event61
2,,,6/5/2022,546170008,event62
5,,,6/11/2022,546170008,event63
10,,,1/19/2022,560109803,event78
5,,,1/20/2022,560109803,event79
5,,,1/20/2022,560109803,event79
5,,,1/20/2022,560109803,event79
3,,,1/20/2022,560109803,event79
0,,,1/20/2022,560109803,event79
5,,,1/20/2022,560109803,event79
5,,,1/20/2022,560109803,event79
6,,,2/9/2022,560109803,event80
6,,,2/9/2022,560109803,event80
2,,,2/9/2022,560109803,event80
6,,,2/9/2022,560109803,event80
4,,,2/9/2022,560109803,event80
2,,,2/9/2022,560109803,event80
14,,,2/9/2022,560109803,event80
6,,,2/9/2022,560109803,event80
3,,,2/9/2022,560109803,event80
4,,,3/13/2022,560109803,event81
10,,,3/13/2022,560109803,event81
6,,,3/13/2022,560109803,event81
0,,,3/13/2022,560109803,event81
0,,,3/13/2022,560109803,event81
0,,,4/22/2022,560109803,event82
3,,,4/22/2022,560109803,event82
2,,,4/22/2022,560109803,event82
16,,,4/22/2022,560109803,event82
0,,,4/22/2022,560109803,event82
14,,,4/22/2022,560109803,event82
0,,,4/22/2022,560109803,event82
8,,,4/22/2022,560109803,event82
0,,,4/22/2022,560109803,event82
10,,,1/20/2022,576005683,event102
0,,,1/21/2022,576005683,event103
4,,,1/21/2022,576005683,event103
6,,,1/21/2022,576005683,event103
6,,,1/21/2022,576005683,event103
2,,,2/4/2022,576005683,event104
7,,,2/4/2022,576005683,event104
3,,,2/4/2022,576005683,event104
1,,,2/7/2022,576005683,event104
1,,,2/7/2022,576005683,event104
27,,,2/7/2022,576005683,event104
4,,,2/7/2022,576005683,event104
2,,,2/7/2022,576005683,event104
6,,,2/7/2022,576005683,event104
1,,,2/7/2022,576005683,event104
4,,,2/7/2022,576005683,event104
4,,,2/7/2022,576005683,event104
12,,,2/7/2022,576005683,event104
6,,,3/21/2022,576005683,event105
1,,,3/21/2022,576005683,event105
4,,,3/21/2022,576005683,event105
0,,,3/21/2022,576005683,event105
4,,,3/21/2022,576005683,event105
4,,,3/21/2022,576005683,event105
6,,,3/21/2022,576005683,event105
7,,,5/15/2022,576005683,event106
8,,,5/15/2022,576005683,event106
34,,,5/15/2022,576005683,event106
5,,,5/15/2022,576005683,event106
-4,,,7/5/2022,576005683,event107
-1,,,7/5/2022,576005683,event107
-1,,,7/5/2022,576005683,event107
-7,,,7/5/2022,576005683,event107
-7,,,7/5/2022,576005683,event107
-4,,,7/5/2022,576005683,event107
-6,,,7/5/2022,576005683,event107
-6,,,7/5/2022,576005683,event107
2,,,1/26/2022,576802932,event1001
2,,,1/26/2022,576802932,event1001
13,,,1/26/2022,576802932,event1001
19,,,3/5/2022,576802932,event1002
3,,,3/5/2022,576802932,event1002
8,,,3/5/2022,576802932,event1002
3,,,3/5/2022,576802932,event1002
11,,,3/5/2022,576802932,event1002
3,,,5/5/2022,576802932,event1003
3,,,5/5/2022,576802932,event1003
2,,,5/5/2022,576802932,event1003
10,,,6/4/2022,576802932,event1004
14,,,6/4/2022,576802932,event1004
14,,,6/4/2022,576802932,event1004
14,,,6/4/2022,576802932,event1004
13,,,6/4/2022,576802932,event1004
22,,,10/5/2022,576802932,event1005
13,,,10/5/2022,576802932,event1005
13,,,10/5/2022,576802932,event1005
13,,,10/5/2022,576802932,event1005
16,,,10/5/2022,576802932,event1005
12,,,1/6/2022,576802932,event555
2,,,1/6/2022,576802932,event555
1,,,1/6/2022,576802932,event555
1,,,1/6/2022,576802932,event555
2,,,1/6/2022,576802932,event555
2,,,1/6/2022,576802932,event555
13,,,1/6/2022,576802932,event555
1,,,1/6/2022,576802932,event555
2,,,1/6/2022,576802932,event555
5,,,1/6/2022,576802932,event555
2,,,1/6/2022,576802932,event555
6,,,1/6/2022,576802932,event555
1,,,1/6/2022,576802932,event555
1,,,1/6/2022,576802932,event555
1,,,1/12/2022,576802932,event556
2,,,1/12/2022,576802932,event556
1,,,1/12/2022,576802932,event556
6,,,1/12/2022,576802932,event556
5,,,1/12/2022,576802932,event556
0,,,1/12/2022,576802932,event556
1,,,1/12/2022,576802932,event556
6,,,1/12/2022,576802932,event556
2,,,1/12/2022,576802932,event556
6,,,1/12/2022,576802932,event556
6,,,1/12/2022,576802932,event556
6,,,1/12/2022,576802932,event556
6,,,1/12/2022,576802932,event556
2,,,1/12/2022,576802932,event556
4,,,1/12/2022,576802932,event556
2,,,1/12/2022,576802932,event556
1,,,1/12/2022,576802932,event556
6,,,1/12/2022,576802932,event556
1,,,1/12/2022,576802932,event556
6,,,1/12/2022,576802932,event556
2,,,1/26/2022,576802932,event557
7,,,1/26/2022,576802932,event557
9,,,1/26/2022,576802932,event557
2,,,1/26/2022,576802932,event557
1,,,1/26/2022,576802932,event557
2,,,1/26/2022,576802932,event557
8,,,1/26/2022,576802932,event557
2,,,1/26/2022,576802932,event557
9,,,2/1/2022,576802932,event558
2,,,2/1/2022,576802932,event558
8,,,2/1/2022,576802932,event558
2,,,2/1/2022,576802932,event558
2,,,2/1/2022,576802932,event558
2,,,2/1/2022,576802932,event558
7,,,2/1/2022,576802932,event558
2,,,2/1/2022,576802932,event558
2,,,2/1/2022,576802932,event558
1,,,2/1/2022,576802932,event558
2,,,2/1/2022,576802932,event558
1,,,2/1/2022,576802932,event558
2,,,2/1/2022,576802932,event558
7,,,2/1/2022,576802932,event558
2,,,2/1/2022,576802932,event558
2,,,2/1/2022,576802932,event558
7,,,2/1/2022,576802932,event558
9,,,2/1/2022,576802932,event558
2,,,2/1/2022,576802932,event558
2,,,2/1/2022,576802932,event558
8,,,2/1/2022,576802932,event558
2,,,2/1/2022,576802932,event558
2,,,2/1/2022,576802932,event558
5,,,2/16/2022,576802932,event559
3,,,2/16/2022,576802932,event559
9,,,2/16/2022,576802932,event559
2,,,2/16/2022,576802932,event559
2,,,2/16/2022,576802932,event559
7,,,2/16/2022,576802932,event559
7,,,2/16/2022,576802932,event559
2,,,2/16/2022,576802932,event559
7,,,2/16/2022,576802932,event559
2,,,2/16/2022,576802932,event559
2,,,2/16/2022,576802932,event559
2,,,2/21/2022,576802932,event560
10,,,2/21/2022,576802932,event560
2,,,2/21/2022,576802932,event560
2,,,2/21/2022,576802932,event560
2,,,2/21/2022,576802932,event560
7,,,2/21/2022,576802932,event560
2,,,2/21/2022,576802932,event560
1,,,2/21/2022,576802932,event560
38,,,2/26/2022,576802932,event561
2,,,2/26/2022,576802932,event561
1,,,2/26/2022,576802932,event561
11,,,2/26/2022,576802932,event561
3,,,2/26/2022,576802932,event561
3,,,2/26/2022,576802932,event561
3,,,2/26/2022,576802932,event561
3,,,2/26/2022,576802932,event561
1,,,2/26/2022,576802932,event561
10,,,3/5/2022,576802932,event562
19,,,3/5/2022,576802932,event562
3,,,3/5/2022,576802932,event562
3,,,3/5/2022,576802932,event562
3,,,3/5/2022,576802932,event562
3,,,3/5/2022,576802932,event562
12,,,3/5/2022,576802932,event562
3,,,3/5/2022,576802932,event562
3,,,3/5/2022,576802932,event562
11,,,3/5/2022,576802932,event562
3,,,3/5/2022,576802932,event562
3,,,3/5/2022,576802932,event562
8,,,3/14/2022,576802932,event563
3,,,3/14/2022,576802932,event563
3,,,3/14/2022,576802932,event563
1,,,3/14/2022,576802932,event563
11,,,3/14/2022,576802932,event563
4,,,3/14/2022,576802932,event563
10,,,3/14/2022,576802932,event563
3,,,3/14/2022,576802932,event563
1,,,3/14/2022,576802932,event563
3,,,3/14/2022,576802932,event563
3,,,3/14/2022,576802932,event563
1,,,3/14/2022,576802932,event563
3,,,3/14/2022,576802932,event563
3,,,3/20/2022,576802932,event564
3,,,3/20/2022,576802932,event564
3,,,3/20/2022,576802932,event564
10,,,3/20/2022,576802932,event564
10,,,3/20/2022,576802932,event564
4,,,3/20/2022,576802932,event564
5,,,3/20/2022,576802932,event564
10,,,3/20/2022,576802932,event564
2,,,3/20/2022,576802932,event564
3,,,3/20/2022,576802932,event564
3,,,3/20/2022,576802932,event564
10,,,3/20/2022,576802932,event564
3,,,3/20/2022,576802932,event564
3,,,3/24/2022,576802932,event565
11,,,3/24/2022,576802932,event565
4,,,3/24/2022,576802932,event565
11,,,3/24/2022,576802932,event565
11,,,3/24/2022,576802932,event565
3,,,3/24/2022,576802932,event565
3,,,3/24/2022,576802932,event565
10,,,3/24/2022,576802932,event565
1,,,3/24/2022,576802932,event565
1,,,3/24/2022,576802932,event565
8,,,3/24/2022,576802932,event565
3,,,4/1/2022,576802932,event566
3,,,4/1/2022,576802932,event566
11,,,4/1/2022,576802932,event566
3,,,4/1/2022,576802932,event566
10,,,4/1/2022,576802932,event566
2,,,4/1/2022,576802932,event566
1,,,4/1/2022,576802932,event566
11,,,4/1/2022,576802932,event566
10,,,4/1/2022,576802932,event566
3,,,4/1/2022,576802932,event566
10,,,4/1/2022,576802932,event566
10,,,4/1/2022,576802932,event566
10,,,4/1/2022,576802932,event566
1,,,4/1/2022,576802932,event566
3,,,4/1/2022,576802932,event566
8,,,4/1/2022,576802932,event566
3,,,4/1/2022,576802932,event566
3,,,4/1/2022,576802932,event566
10,,,4/1/2022,576802932,event566
9,,,4/1/2022,576802932,event566
3,,,4/1/2022,576802932,event566
3,,,4/1/2022,576802932,event566
3,,,4/1/2022,576802932,event566
10,,,4/1/2022,576802932,event566
2,,,4/13/2022,576802932,event567
3,,,4/13/2022,576802932,event567
1,,,4/13/2022,576802932,event567
3,,,4/13/2022,576802932,event567
10,,,4/13/2022,576802932,event567
3,,,4/13/2022,576802932,event567
13,,,4/13/2022,576802932,event567
10,,,4/13/2022,576802932,event567
13,,,4/20/2022,576802932,event568
4,,,4/20/2022,576802932,event568
2,,,4/20/2022,576802932,event568
4,,,4/20/2022,576802932,event568
3,,,4/20/2022,576802932,event568
2,,,4/20/2022,576802932,event568
3,,,4/20/2022,576802932,event568
4,,,4/20/2022,576802932,event568
9,,,4/20/2022,576802932,event568
3,,,4/20/2022,576802932,event568
13,,,4/20/2022,576802932,event568
10,,,4/20/2022,576802932,event568
10,,,1/4/2022,579751441,event231
3,,,4/20/2022,576802932,event568
9,,,1/5/2022,579751441,event232
3,,,4/20/2022,576802932,event568
14,,,4/20/2022,576802932,event568
3,,,4/20/2022,576802932,event568
9,,,1/5/2022,579751441,event232
0,,,1/5/2022,579751441,event232
2,,,4/20/2022,576802932,event568
13,,,5/5/2022,576802932,event569
8,,,1/5/2022,579751441,event232
13,,,5/5/2022,576802932,event569
1,,,5/5/2022,576802932,event569
9,,,1/5/2022,579751441,event232
9,,,1/5/2022,579751441,event232
3,,,5/5/2022,576802932,event569
13,,,5/5/2022,576802932,event569
6,,,1/5/2022,579751441,event232
13,,,5/5/2022,576802932,event569
1,,,1/5/2022,579751441,event232
6,,,1/5/2022,579751441,event232
6,,,1/5/2022,579751441,event232
1,,,1/5/2022,579751441,event232
3,,,5/5/2022,576802932,event569
3,,,5/5/2022,576802932,event569
2,,,5/5/2022,576802932,event569
9,,,1/5/2022,579751441,event232
8,,,1/5/2022,579751441,event232
9,,,5/5/2022,576802932,event569
3,,,5/5/2022,576802932,event569
11,,,5/5/2022,576802932,event569
8,,,1/5/2022,579751441,event232
3,,,5/5/2022,576802932,event569
3,,,5/5/2022,576802932,event569
3,,,5/5/2022,576802932,event569
4,,,1/5/2022,579751441,event232
3,,,5/5/2022,576802932,event569
3,,,5/5/2022,576802932,event569
11,,,5/16/2022,576802932,event570
3,,,5/16/2022,576802932,event570
9,,,1/5/2022,579751441,event232
3,,,5/16/2022,576802932,event570
3,,,1/5/2022,579751441,event232
3,,,5/16/2022,576802932,event570
1,,,1/5/2022,579751441,event232
1,,,1/5/2022,579751441,event232
3,,,5/16/2022,576802932,event570
6,,,1/5/2022,579751441,event232
4,,,5/16/2022,576802932,event570
2,,,5/16/2022,576802932,event570
3,,,5/16/2022,576802932,event570
7,,,1/5/2022,579751441,event232
2,,,5/16/2022,576802932,event570
8,,,1/5/2022,579751441,event232
3,,,5/16/2022,576802932,event570
2,,,5/16/2022,576802932,event570
3,,,5/16/2022,576802932,event570
1,,,1/5/2022,579751441,event232
10,,,1/5/2022,579751441,event232
3,,,5/16/2022,576802932,event570
3,,,5/16/2022,576802932,event570
9,,,5/16/2022,576802932,event570
5,,,1/5/2022,579751441,event232
5,,,1/5/2022,579751441,event232
3,,,5/16/2022,576802932,event570
11,,,5/16/2022,576802932,event570
21,,,5/16/2022,576802932,event570
13,,,5/16/2022,576802932,event570
12,,,5/16/2022,576802932,event570
11,,,1/5/2022,579751441,event232
4,,,5/16/2022,576802932,event570
11,,,5/16/2022,576802932,event570
8,,,1/5/2022,579751441,event232
1,,,1/5/2022,579751441,event232
12,,,1/5/2022,579751441,event232
3,,,5/16/2022,576802932,event570
9,,,5/16/2022,576802932,event570
3,,,5/16/2022,576802932,event570
5,,,1/5/2022,579751441,event232
1,,,1/5/2022,579751441,event232
3,,,5/16/2022,576802932,event570
3,,,5/16/2022,576802932,event570
0,,,1/5/2022,579751441,event232
12,,,1/5/2022,579751441,event232
6,,,1/5/2022,579751441,event232
1,,,1/5/2022,579751441,event232
8,,,1/5/2022,579751441,event232
6,,,1/5/2022,579751441,event232
3,,,1/5/2022,579751441,event232
3,,,5/16/2022,576802932,event570
1,,,1/5/2022,579751441,event232
0,,,3/2/2022,579751441,event233
2,,,6/4/2022,576802932,event571
3,,,6/4/2022,576802932,event571
2,,,3/2/2022,579751441,event233
1,,,3/2/2022,579751441,event233
3,,,6/4/2022,576802932,event571
3,,,6/4/2022,576802932,event571
6,,,6/4/2022,576802932,event571
6,,,3/2/2022,579751441,event233
10,,,3/2/2022,579751441,event233
13,,,6/4/2022,576802932,event571
3,,,6/4/2022,576802932,event571
1,,,3/2/2022,579751441,event233
13,,,6/4/2022,576802932,event571
12,,,6/4/2022,576802932,event571
6,,,3/2/2022,579751441,event233
3,,,6/4/2022,576802932,event571
3,,,6/4/2022,576802932,event571
3,,,6/4/2022,576802932,event571
3,,,6/4/2022,576802932,event571
3,,,6/4/2022,576802932,event571
9,,,6/4/2022,576802932,event571
3,,,6/4/2022,576802932,event571
1,,,3/2/2022,579751441,event233
5,,,3/2/2022,579751441,event233
1,,,3/2/2022,579751441,event233
11,,,6/4/2022,576802932,event571
0,,,3/2/2022,579751441,event233
0,,,3/2/2022,579751441,event233
9,,,6/4/2022,576802932,event571
12,,,3/2/2022,579751441,event233
3,,,6/4/2022,576802932,event571
12,,,6/4/2022,576802932,event571
13,,,6/4/2022,576802932,event571
8,,,3/2/2022,579751441,event233
0,,,3/2/2022,579751441,event233
8,,,3/2/2022,579751441,event233
1,,,3/2/2022,579751441,event233
0,,,3/2/2022,579751441,event233
3,,,6/4/2022,576802932,event571
6,,,3/2/2022,579751441,event233
3,,,6/4/2022,576802932,event571
8,,,3/2/2022,579751441,event233
7,,,3/2/2022,579751441,event233
6,,,3/2/2022,579751441,event233
14,,,6/4/2022,576802932,event571
13,,,6/4/2022,576802932,event571
8,,,3/2/2022,579751441,event233
30,,,6/4/2022,576802932,event571
3,,,6/4/2022,576802932,event571
13,,,6/4/2022,576802932,event571
13,,,6/23/2022,576802932,event572
3,,,6/23/2022,576802932,event572
4,,,6/23/2022,576802932,event572
3,,,6/23/2022,576802932,event572
12,,,3/2/2022,579751441,event233
3,,,6/23/2022,576802932,event572
4,,,6/23/2022,576802932,event572
3,,,6/23/2022,576802932,event572
11,,,6/23/2022,576802932,event572
2,,,6/23/2022,576802932,event572
3,,,6/23/2022,576802932,event572
4,,,6/23/2022,576802932,event572
17,,,3/2/2022,579751441,event233
3,,,6/23/2022,576802932,event572
4,,,6/23/2022,576802932,event572
3,,,6/23/2022,576802932,event572
11,,,6/23/2022,576802932,event572
3,,,3/2/2022,579751441,event233
11,,,6/23/2022,576802932,event572
49,,,7/7/2022,576802932,event573
49,,,7/7/2022,576802932,event573
13,,,7/7/2022,576802932,event573
13,,,7/7/2022,576802932,event573
10,,,3/2/2022,579751441,event233
13,,,7/7/2022,576802932,event573
13,,,7/7/2022,576802932,event573
13,,,7/7/2022,576802932,event573
13,,,7/7/2022,576802932,event573
13,,,7/7/2022,576802932,event573
21,,,7/7/2022,576802932,event573
21,,,7/7/2022,576802932,event573
13,,,8/2/2022,576802932,event574
13,,,8/2/2022,576802932,event574
13,,,8/2/2022,576802932,event574
13,,,8/2/2022,576802932,event574
2,,,3/2/2022,579751441,event233
13,,,8/2/2022,576802932,event574
18,,,8/2/2022,576802932,event574
13,,,8/2/2022,576802932,event574
21,,,8/2/2022,576802932,event574
14,,,8/2/2022,576802932,event574
49,,,8/2/2022,576802932,event574
13,,,8/2/2022,576802932,event574
13,,,8/2/2022,576802932,event574
13,,,8/2/2022,576802932,event574
18,,,8/2/2022,576802932,event574
13,,,8/2/2022,576802932,event574
7,,,3/2/2022,579751441,event233
13,,,8/2/2022,576802932,event574
14,,,8/2/2022,576802932,event574
13,,,8/2/2022,576802932,event574
44,,,8/2/2022,576802932,event574
9,,,3/2/2022,579751441,event233
13,,,8/2/2022,576802932,event574
24,,,10/2/2022,576802932,event575
14,,,10/2/2022,576802932,event575
13,,,10/2/2022,576802932,event575
14,,,10/2/2022,576802932,event575
11,,,3/2/2022,579751441,event233
11,,,3/2/2022,579751441,event233
13,,,10/2/2022,576802932,event575
13,,,10/2/2022,576802932,event575
22,,,10/2/2022,576802932,event575
13,,,10/2/2022,576802932,event575
13,,,10/2/2022,576802932,event575
7,,,3/2/2022,579751441,event233
22,,,10/2/2022,576802932,event575
13,,,10/2/2022,576802932,event575
13,,,10/2/2022,576802932,event575
13,,,10/2/2022,576802932,event575
1,,,3/2/2022,579751441,event233
13,,,10/2/2022,576802932,event575
14,,,10/2/2022,576802932,event575
21,,,10/2/2022,576802932,event575
13,,,10/2/2022,576802932,event575
24,,,10/2/2022,576802932,event575
21,,,12/20/2022,576802932,event576
13,,,12/20/2022,576802932,event576
9,,,3/2/2022,579751441,event233
13,,,12/20/2022,576802932,event576
10,,,1/5/2022,576802932,event2001
-11,,,7/5/2022,576802932,event5000
-5,,,7/5/2022,576802932,event5000
-3,,,7/5/2022,576802932,event5000
-1,,,7/7/2022,576802932,event5001
-11,,,7/7/2022,576802932,event5001
-4,,,7/7/2022,576802932,event5001
-11,,,7/7/2022,576802932,event5001
-5,,,7/7/2022,576802932,event5001
17,,,3/2/2022,579751441,event233
-4,,,7/7/2022,576802932,event5001
-2,,,7/7/2022,576802932,event5001
-1,,,7/7/2022,576802932,event5001
-3,,,7/10/2022,576802932,event5002
7,,,3/28/2022,579751441,event234
-8,,,7/10/2022,576802932,event5002
-3,,,7/10/2022,576802932,event5002
-11,,,7/10/2022,576802932,event5002
-3,,,7/10/2022,576802932,event5002
-11,,,7/10/2022,576802932,event5002
-11,,,7/10/2022,576802932,event5002
-3,,,7/10/2022,576802932,event5002
9,,,3/28/2022,579751441,event234
-3,,,7/10/2022,576802932,event5002
-3,,,7/10/2022,576802932,event5002
-11,,,7/17/2022,576802932,event5003
11,,,3/28/2022,579751441,event234
-3,,,7/17/2022,576802932,event5003
-10,,,7/17/2022,576802932,event5003
14,,,3/28/2022,579751441,event234
-6,,,7/17/2022,576802932,event5003
-11,,,7/17/2022,576802932,event5003
-10,,,7/17/2022,576802932,event5003
-3,,,7/17/2022,576802932,event5003
-11,,,7/17/2022,576802932,event5003
-11,,,7/17/2022,576802932,event5003
-9,,,7/17/2022,576802932,event5003
-1,,,7/17/2022,576802932,event5003
-7,,,7/24/2022,576802932,event5004
2,,,3/28/2022,579751441,event234
-1,,,7/24/2022,576802932,event5004
17,,,3/28/2022,579751441,event234
1,,,3/28/2022,579751441,event234
-10,,,7/24/2022,576802932,event5004
8,,,3/28/2022,579751441,event234
-3,,,7/26/2022,576802932,event5005
-11,,,7/27/2022,576802932,event5006
-1,,,7/27/2022,576802932,event5006
-11,,,7/27/2022,576802932,event5006
-11,,,7/31/2022,576802932,event5007
-11,,,7/31/2022,576802932,event5007
-11,,,7/31/2022,576802932,event5007
-3,,,7/31/2022,576802932,event5007
-3,,,7/31/2022,576802932,event5007
-11,,,8/2/2022,576802932,event5008
-10,,,8/2/2022,576802932,event5008
-3,,,8/2/2022,576802932,event5008
-3,,,8/2/2022,576802932,event5008
-12,,,8/2/2022,576802932,event5008
-3,,,8/2/2022,576802932,event5008
-3,,,8/2/2022,576802932,event5008
11,,,3/28/2022,579751441,event234
11,,,3/28/2022,579751441,event234
11,,,3/28/2022,579751441,event234
-3,,,8/2/2022,576802932,event5008
-11,,,8/10/2022,576802932,event5009
-5,,,8/10/2022,576802932,event5009
-3,,,8/13/2022,576802932,event5010
-3,,,8/13/2022,576802932,event5010
-4,,,8/16/2022,576802932,event5011
-3,,,8/16/2022,576802932,event5011
-3,,,8/16/2022,576802932,event5011
-3,,,8/16/2022,576802932,event5011
-3,,,8/16/2022,576802932,event5011
-11,,,8/16/2022,576802932,event5011
15,,,3/28/2022,579751441,event234
-5,,,8/16/2022,576802932,event5011
-3,,,8/16/2022,576802932,event5011
-11,,,8/19/2022,576802932,event5012
-6,,,8/19/2022,576802932,event5012
-3,,,8/19/2022,576802932,event5012
-1,,,8/19/2022,576802932,event5012
-11,,,8/19/2022,576802932,event5012
-11,,,8/19/2022,576802932,event5012
-3,,,8/19/2022,576802932,event5012
-11,,,8/22/2022,576802932,event5013
-1,,,8/22/2022,576802932,event5013
-11,,,8/22/2022,576802932,event5013
-3,,,8/22/2022,576802932,event5013
-6,,,8/22/2022,576802932,event5013
-3,,,8/22/2022,576802932,event5013
-11,,,8/22/2022,576802932,event5013
-8,,,8/22/2022,576802932,event5013
-3,,,8/22/2022,576802932,event5013
-1,,,8/22/2022,576802932,event5013
-11,,,8/22/2022,576802932,event5013
-6,,,8/22/2022,576802932,event5013
-3,,,8/30/2022,576802932,event5014
-6,,,8/30/2022,576802932,event5014
1,,,3/28/2022,579751441,event234
-3,,,8/30/2022,576802932,event5014
-3,,,8/30/2022,576802932,event5014
-11,,,8/30/2022,576802932,event5014
11,,,3/28/2022,579751441,event234
-3,,,8/30/2022,576802932,event5014
-3,,,9/1/2022,576802932,event5015
-5,,,9/1/2022,576802932,event5015
-3,,,9/1/2022,576802932,event5015
-9,,,9/1/2022,576802932,event5015
-3,,,9/1/2022,576802932,event5015
-3,,,9/1/2022,576802932,event5015
-3,,,9/1/2022,576802932,event5015
-2,,,9/1/2022,576802932,event5015
11,,,3/28/2022,579751441,event234
-2,,,9/1/2022,576802932,event5015
2,,,3/28/2022,579751441,event234
7,,,3/28/2022,579751441,event234
-10,,,9/1/2022,576802932,event5015
-3,,,9/1/2022,576802932,event5015
-11,,,9/6/2022,576802932,event5016
17,,,3/28/2022,579751441,event234
-2,,,9/6/2022,576802932,event5016
-11,,,9/6/2022,576802932,event5016
-4,,,9/6/2022,576802932,event5016
-9,,,9/6/2022,576802932,event5016
-3,,,9/6/2022,576802932,event5016
-2,,,9/6/2022,576802932,event5016
-1,,,9/6/2022,576802932,event5016
7,,,3/28/2022,579751441,event234
-8,,,9/10/2022,576802932,event5017
-3,,,9/10/2022,576802932,event5017
-6,,,9/10/2022,576802932,event5017
-3,,,9/10/2022,576802932,event5017
-11,,,9/10/2022,576802932,event5017
17,,,3/28/2022,579751441,event234
-11,,,9/10/2022,576802932,event5017
-3,,,9/10/2022,576802932,event5017
-11,,,9/10/2022,576802932,event5017
-6,,,9/10/2022,576802932,event5017
11,,,3/28/2022,579751441,event234
-2,,,9/10/2022,576802932,event5017
-3,,,9/10/2022,576802932,event5017
4,,,3/28/2022,579751441,event234
-11,,,9/10/2022,576802932,event5017
-4,,,9/10/2022,576802932,event5017
-3,,,9/10/2022,576802932,event5017
-3,,,9/16/2022,576802932,event5018
-3,,,9/16/2022,576802932,event5018
-1,,,9/16/2022,576802932,event5018
7,,,3/28/2022,579751441,event234
-11,,,9/16/2022,576802932,event5018
-3,,,9/16/2022,576802932,event5018
-11,,,9/16/2022,576802932,event5018
-11,,,9/16/2022,576802932,event5018
-3,,,9/16/2022,576802932,event5018
-3,,,9/16/2022,576802932,event5018
-6,,,9/16/2022,576802932,event5018
-3,,,9/16/2022,576802932,event5018
1,,,3/28/2022,579751441,event234
-3,,,9/16/2022,576802932,event5018
-11,,,9/16/2022,576802932,event5018
7,,,3/28/2022,579751441,event234
-3,,,9/16/2022,576802932,event5018
-8,,,9/27/2022,576802932,event5019
-3,,,9/27/2022,576802932,event5019
-3,,,9/27/2022,576802932,event5019
10,,,3/28/2022,579751441,event234
-11,,,9/27/2022,576802932,event5019
-12,,,9/27/2022,576802932,event5019
-6,,,9/27/2022,576802932,event5019
-5,,,9/27/2022,576802932,event5019
-3,,,9/27/2022,576802932,event5019
-11,,,9/27/2022,576802932,event5019
-3,,,9/27/2022,576802932,event5019
-3,,,9/27/2022,576802932,event5019
-4,,,9/27/2022,576802932,event5019
-2,,,9/27/2022,576802932,event5019
14,,,3/28/2022,579751441,event234
-11,,,9/27/2022,576802932,event5019
-5,,,10/6/2022,576802932,event5020
-12,,,10/6/2022,576802932,event5020
-3,,,10/6/2022,576802932,event5020
-3,,,10/6/2022,576802932,event5020
17,,,3/28/2022,579751441,event234
-3,,,10/6/2022,576802932,event5020
-11,,,10/6/2022,576802932,event5020
-10,,,10/6/2022,576802932,event5020
-2,,,10/6/2022,576802932,event5020
-3,,,10/6/2022,576802932,event5020
-3,,,10/6/2022,576802932,event5020
-10,,,10/6/2022,576802932,event5020
-3,,,10/6/2022,576802932,event5020
-10,,,10/6/2022,576802932,event5020
2,,,3/28/2022,579751441,event234
1,,,3/28/2022,579751441,event234
-6,,,10/6/2022,576802932,event5020
-5,,,10/16/2022,576802932,event5021
-4,,,10/16/2022,576802932,event5021
-2,,,10/16/2022,576802932,event5021
-4,,,10/16/2022,576802932,event5021
-3,,,10/16/2022,576802932,event5021
-11,,,10/16/2022,576802932,event5021
2,,,3/28/2022,579751441,event234
-3,,,10/16/2022,576802932,event5021
-12,,,10/16/2022,576802932,event5021
-10,,,10/16/2022,576802932,event5021
-3,,,10/16/2022,576802932,event5021
5,,,3/28/2022,579751441,event234
7,,,3/28/2022,579751441,event234
7,,,3/28/2022,579751441,event234
2,,,3/28/2022,579751441,event234
8,,,3/28/2022,579751441,event234
11,,,3/28/2022,579751441,event234
7,,,3/28/2022,579751441,event234
17,,,3/28/2022,579751441,event234
11,,,3/28/2022,579751441,event234
9,,,3/28/2022,579751441,event234
17,,,3/28/2022,579751441,event234
1,,,3/28/2022,579751441,event234
11,,,3/28/2022,579751441,event234
11,,,3/28/2022,579751441,event234
14,,,3/28/2022,579751441,event234
1,,,3/28/2022,579751441,event234
2,,,3/28/2022,579751441,event234
8,,,3/28/2022,579751441,event234
11,,,3/28/2022,579751441,event234
9,,,3/28/2022,579751441,event234
2,,,3/28/2022,579751441,event234
16,,,3/28/2022,579751441,event234
10,,,3/28/2022,579751441,event234
12,,,3/28/2022,579751441,event234
19,,,3/28/2022,579751441,event234
1,,,3/28/2022,579751441,event234
1,,,3/28/2022,579751441,event234
19,,,3/28/2022,579751441,event234
12,,,3/28/2022,579751441,event234
2,,,3/28/2022,579751441,event234
2,,,3/28/2022,579751441,event234
19,,,3/28/2022,579751441,event234
19,,,3/28/2022,579751441,event234
2,,,3/28/2022,579751441,event234
2,,,3/28/2022,579751441,event234
1,,,3/28/2022,579751441,event234
2,,,3/28/2022,579751441,event234
9,,,3/28/2022,579751441,event234
2,,,3/28/2022,579751441,event234
12,,,3/28/2022,579751441,event234
12,,,3/28/2022,579751441,event234
12,,,3/28/2022,579751441,event234
19,,,3/28/2022,579751441,event234
2,,,3/28/2022,579751441,event234
9,,,3/28/2022,579751441,event234
12,,,3/28/2022,579751441,event234
8,,,3/28/2022,579751441,event234
12,,,3/28/2022,579751441,event234
10,,,3/28/2022,579751441,event234
1,,,3/28/2022,579751441,event234
8,,,3/28/2022,579751441,event234
19,,,3/28/2022,579751441,event234
2,,,3/28/2022,579751441,event234
1,,,3/28/2022,579751441,event234
2,,,3/28/2022,579751441,event234
2,,,3/28/2022,579751441,event234
2,,,3/28/2022,579751441,event234
10,,,3/28/2022,579751441,event234
16,,,3/28/2022,579751441,event234
1,,,3/28/2022,579751441,event234
12,,,3/28/2022,579751441,event234
9,,,3/28/2022,579751441,event234
12,,,3/28/2022,579751441,event234
12,,,3/28/2022,579751441,event234
5,,,3/28/2022,579751441,event234
6,,,3/28/2022,579751441,event234
1,,,3/28/2022,579751441,event234
2,,,6/16/2022,579751441,event235
2,,,6/16/2022,579751441,event235
1,,,6/16/2022,579751441,event235
2,,,6/16/2022,579751441,event235
12,,,6/16/2022,579751441,event235
6,,,6/16/2022,579751441,event235
1,,,6/16/2022,579751441,event235
19,,,6/16/2022,579751441,event235
1,,,6/16/2022,579751441,event235
1,,,6/16/2022,579751441,event235
2,,,6/16/2022,579751441,event235
19,,,6/16/2022,579751441,event235
19,,,6/16/2022,579751441,event235
9,,,6/16/2022,579751441,event235
1,,,6/16/2022,579751441,event235
2,,,6/16/2022,579751441,event235
10,,,6/16/2022,579751441,event235
12,,,6/16/2022,579751441,event235
5,,,6/16/2022,579751441,event235
-1,,,7/5/2022,579751441,event236
-9,,,7/5/2022,579751441,event236
-2,,,7/5/2022,579751441,event236
-5,,,7/5/2022,579751441,event236
-2,,,7/5/2022,579751441,event236
-11,,,7/5/2022,579751441,event236
-3,,,7/5/2022,579751441,event236
-5,,,7/5/2022,579751441,event236
-1,,,7/5/2022,579751441,event236
-10,,,7/5/2022,579751441,event236
-3,,,7/5/2022,579751441,event236
-2,,,7/5/2022,579751441,event236
-5,,,7/5/2022,579751441,event236
-4,,,7/5/2022,579751441,event236
-7,,,7/5/2022,579751441,event236
-2,,,7/5/2022,579751441,event236
-24,,,7/5/2022,579751441,event236
-11,,,7/5/2022,579751441,event236
-9,,,7/5/2022,579751441,event236
-19,,,7/5/2022,579751441,event236
-4,,,7/5/2022,579751441,event236
-5,,,7/5/2022,579751441,event236
-18,,,7/5/2022,579751441,event236
-10,,,9/4/2022,579751441,event237
-5,,,9/4/2022,579751441,event237
-5,,,9/4/2022,579751441,event237
-10,,,9/4/2022,579751441,event237
-4,,,9/4/2022,579751441,event237
-10,,,9/4/2022,579751441,event237
-13,,,9/4/2022,579751441,event237
-44,,,9/4/2022,579751441,event237
-8,,,9/4/2022,579751441,event237
-8,,,9/4/2022,579751441,event237
-2,,,9/4/2022,579751441,event237
-1,,,9/4/2022,579751441,event237
-5,,,9/4/2022,579751441,event237
-1,,,9/4/2022,579751441,event237
-1,,,9/4/2022,579751441,event237
-8,,,9/4/2022,579751441,event237
-8,,,9/4/2022,579751441,event237
-1,,,9/4/2022,579751441,event237
-10,,,9/4/2022,579751441,event237
-10,,,9/4/2022,579751441,event237
-5,,,10/16/2022,576802932,event5021
-3,,,10/16/2022,576802932,event5021
-3,,,10/16/2022,576802932,event5021
-12,,,10/16/2022,576802932,event5021
-4,,,10/16/2022,576802932,event5021
-6,,,10/16/2022,576802932,event5021
-3,,,10/16/2022,576802932,event5021
-11,,,9/4/2022,579751441,event237
-3,,,10/25/2022,576802932,event5022
-1,,,9/4/2022,579751441,event237
-3,,,10/25/2022,576802932,event5022
-3,,,10/25/2022,576802932,event5022
-3,,,10/25/2022,576802932,event5022
-3,,,10/25/2022,576802932,event5022
-2,,,10/25/2022,576802932,event5022
-11,,,10/25/2022,576802932,event5022
-11,,,10/25/2022,576802932,event5022
-9,,,9/4/2022,579751441,event237
-1,,,9/4/2022,579751441,event237
-9,,,10/25/2022,576802932,event5022
-3,,,10/25/2022,576802932,event5022
-3,,,10/25/2022,576802932,event5022
-3,,,10/25/2022,576802932,event5022
-3,,,10/25/2022,576802932,event5022
-9,,,10/25/2022,576802932,event5022
-5,,,10/25/2022,576802932,event5022
-2,,,10/25/2022,576802932,event5022
-3,,,10/31/2022,576802932,event5023
-12,,,9/4/2022,579751441,event237
-11,,,10/31/2022,576802932,event5023
-10,,,10/31/2022,576802932,event5023
-2,,,9/4/2022,579751441,event237
-10,,,9/4/2022,579751441,event237
-3,,,10/31/2022,576802932,event5023
-3,,,9/4/2022,579751441,event237
-4,,,10/31/2022,576802932,event5023
-2,,,9/4/2022,579751441,event237
-2,,,10/31/2022,576802932,event5023
-11,,,10/31/2022,576802932,event5023
-11,,,10/31/2022,576802932,event5023
-18,,,9/4/2022,579751441,event237
-3,,,10/31/2022,576802932,event5023
-5,,,9/4/2022,579751441,event237
-2,,,10/31/2022,576802932,event5023
-10,,,10/31/2022,576802932,event5023
-3,,,11/9/2022,576802932,event5024
-3,,,11/9/2022,576802932,event5024
-3,,,11/9/2022,576802932,event5024
-2,,,9/4/2022,579751441,event237
-11,,,11/9/2022,576802932,event5024
-3,,,11/9/2022,576802932,event5024
-2,,,11/9/2022,576802932,event5024
-9,,,11/9/2022,576802932,event5024
-11,,,11/9/2022,576802932,event5024
-4,,,11/9/2022,576802932,event5024
-3,,,11/9/2022,576802932,event5024
-1,,,9/4/2022,579751441,event237
-24,,,9/4/2022,579751441,event237
-3,,,11/9/2022,576802932,event5024
-8,,,9/4/2022,579751441,event237
-9,,,9/4/2022,579751441,event237
-3,,,11/9/2022,576802932,event5024
-1,,,9/4/2022,579751441,event237
-1,,,9/4/2022,579751441,event237
-3,,,11/9/2022,576802932,event5024
-2,,,9/4/2022,579751441,event237
-8,,,9/4/2022,579751441,event237
-5,,,11/9/2022,576802932,event5024
-2,,,9/4/2022,579751441,event237
-5,,,9/4/2022,579751441,event237
-3,,,11/9/2022,576802932,event5024
-3,,,11/22/2022,576802932,event5025
-12,,,11/22/2022,576802932,event5025
-12,,,11/22/2022,576802932,event5025
-10,,,11/22/2022,576802932,event5025
-11,,,11/22/2022,576802932,event5025
-11,,,11/22/2022,576802932,event5025
-12,,,11/22/2022,576802932,event5025
-11,,,11/22/2022,576802932,event5025
-2,,,9/4/2022,579751441,event237
-3,,,11/22/2022,576802932,event5025
-3,,,11/22/2022,576802932,event5025
-4,,,11/22/2022,576802932,event5025
-11,,,11/22/2022,576802932,event5025
-11,,,11/22/2022,576802932,event5025
-6,,,9/4/2022,579751441,event237
-1,,,9/4/2022,579751441,event237
-3,,,9/4/2022,579751441,event237
-1,,,9/4/2022,579751441,event237
-10,,,11/22/2022,576802932,event5025
-1,,,9/4/2022,579751441,event237
-2,,,11/22/2022,576802932,event5025
-7,,,11/22/2022,576802932,event5025
-11,,,9/4/2022,579751441,event237
-2,,,9/4/2022,579751441,event237
-4,,,11/22/2022,576802932,event5025
-9,,,11/22/2022,576802932,event5025
-2,,,9/4/2022,579751441,event237
-1,,,9/4/2022,579751441,event237
-3,,,11/22/2022,576802932,event5025
-3,,,11/22/2022,576802932,event5025
-8,,,9/4/2022,579751441,event237
-3,,,11/22/2022,576802932,event5025
-11,,,11/22/2022,576802932,event5025
-10,,,11/22/2022,576802932,event5025
-11,,,11/22/2022,576802932,event5025
-11,,,12/10/2022,576802932,event5026
-3,,,12/10/2022,576802932,event5026
-3,,,12/10/2022,576802932,event5026
-11,,,12/10/2022,576802932,event5026
-11,,,12/10/2022,576802932,event5026
-9,,,12/10/2022,576802932,event5026
-3,,,12/10/2022,576802932,event5026
-9,,,12/10/2022,576802932,event5026
-3,,,12/10/2022,576802932,event5026
-6,,,12/10/2022,576802932,event5026
-5,,,12/10/2022,576802932,event5026
-3,,,12/10/2022,576802932,event5026
-11,,,12/10/2022,576802932,event5026
-3,,,12/10/2022,576802932,event5026
-3,,,12/10/2022,576802932,event5026
-11,,,12/10/2022,576802932,event5026
-3,,,12/10/2022,576802932,event5026
-3,,,12/10/2022,576802932,event5026
-3,,,12/10/2022,576802932,event5026
-5,,,12/10/2022,576802932,event5026
-11,,,12/10/2022,576802932,event5026
-11,,,12/10/2022,576802932,event5026
-6,,,12/10/2022,576802932,event5026
-2,,,12/10/2022,576802932,event5026
-11,,,12/10/2022,576802932,event5026
-3,,,12/10/2022,576802932,event5026
-3,,,12/10/2022,576802932,event5026
-12,,,12/10/2022,576802932,event5026
-1,,,12/10/2022,576802932,event5026
-12,,,12/10/2022,576802932,event5026
-3,,,12/10/2022,576802932,event5026
-12,,,12/10/2022,576802932,event5026
-5,,,12/29/2022,576802932,event5027
-3,,,12/29/2022,576802932,event5027
-3,,,12/29/2022,576802932,event5027
-4,,,9/4/2022,579751441,event237
-1,,,9/4/2022,579751441,event237
-1,,,9/4/2022,579751441,event237
-1,,,9/4/2022,579751441,event237
-6,,,9/4/2022,579751441,event237
-7,,,9/4/2022,579751441,event237
-1,,,9/4/2022,579751441,event237
-9,,,9/4/2022,579751441,event237
-1,,,9/4/2022,579751441,event237
-8,,,9/4/2022,579751441,event237
-6,,,9/4/2022,579751441,event237
10,,,1/5/2022,579966747,event333
1,,,1/6/2022,579966747,event334
1,,,1/6/2022,579966747,event334
4,,,1/6/2022,579966747,event334
2,,,1/6/2022,579966747,event334
6,,,1/6/2022,579966747,event334
2,,,1/6/2022,579966747,event334
2,,,1/6/2022,579966747,event334
2,,,1/6/2022,579966747,event334
3,,,1/6/2022,579966747,event334
3,,,1/6/2022,579966747,event334
0,,,1/22/2022,579966747,event335
2,,,1/22/2022,579966747,event335
4,,,1/22/2022,579966747,event335
2,,,1/22/2022,579966747,event335
1,,,1/22/2022,579966747,event335
3,,,1/22/2022,579966747,event335
1,,,1/22/2022,579966747,event335
1,,,1/30/2022,579966747,event336
14,,,1/30/2022,579966747,event336
4,,,1/30/2022,579966747,event336
3,,,1/30/2022,579966747,event336
2,,,1/30/2022,579966747,event336
1,,,1/30/2022,579966747,event336
1,,,1/30/2022,579966747,event336
1,,,1/30/2022,579966747,event336
6,,,1/30/2022,579966747,event336
1,,,1/30/2022,579966747,event336
2,,,1/30/2022,579966747,event336
2,,,1/30/2022,579966747,event336
2,,,1/30/2022,579966747,event336
3,,,1/30/2022,579966747,event336
1,,,1/30/2022,579966747,event336
2,,,1/30/2022,579966747,event336
2,,,1/30/2022,579966747,event336
3,,,1/30/2022,579966747,event336
2,,,1/30/2022,579966747,event336
6,,,3/20/2022,579966747,event337
1,,,3/20/2022,579966747,event337
1,,,3/20/2022,579966747,event337
0,,,3/20/2022,579966747,event337
2,,,3/20/2022,579966747,event337
1,,,3/20/2022,579966747,event337
2,,,3/20/2022,579966747,event337
1,,,3/20/2022,579966747,event337
2,,,3/20/2022,579966747,event337
6,,,3/20/2022,579966747,event337
1,,,3/20/2022,579966747,event337
1,,,3/20/2022,579966747,event337
1,,,3/20/2022,579966747,event337
3,,,3/20/2022,579966747,event337
1,,,3/20/2022,579966747,event337
8,,,3/20/2022,579966747,event337
10,,,3/20/2022,579966747,event337
1,,,3/20/2022,579966747,event337
3,,,3/20/2022,579966747,event337
4,,,3/20/2022,579966747,event337
5,,,3/20/2022,579966747,event337
1,,,3/20/2022,579966747,event337
2,,,3/20/2022,579966747,event337
1,,,3/20/2022,579966747,event337
1,,,3/20/2022,579966747,event337
3,,,3/20/2022,579966747,event337
1,,,3/20/2022,579966747,event337
0,,,3/20/2022,579966747,event337
0,,,3/20/2022,579966747,event337
2,,,3/20/2022,579966747,event337
1,,,5/26/2022,579966747,event338
1,,,5/26/2022,579966747,event338
8,,,5/26/2022,579966747,event338
1,,,5/26/2022,579966747,event338
2,,,5/26/2022,579966747,event338
12,,,5/26/2022,579966747,event338
4,,,5/26/2022,579966747,event338
2,,,5/26/2022,579966747,event338
4,,,5/26/2022,579966747,event338
9,,,5/26/2022,579966747,event338
-3,,,7/11/2022,579966747,event339
-1,,,7/11/2022,579966747,event339
0,,,7/11/2022,579966747,event339
0,,,7/11/2022,579966747,event339
-8,,,7/11/2022,579966747,event339
0,,,11/16/2022,579966747,event340
0,,,11/16/2022,579966747,event340
0,,,11/16/2022,579966747,event340
0,,,11/16/2022,579966747,event340
-5,,,11/16/2022,579966747,event340
10,,,5/29/2022,579969717,event444
11,,,5/30/2022,579969717,event445
-2,,,12/29/2022,348405118,event28
-16,,,8/28/2022,412120092,event38
-19,,,8/29/2022,412120092,event39
-10,,,6/12/2022,546170008,event64
-19,,,7/12/2022,546170008,event65
-40,,,8/5/2022,576005683,event108
-200,,,10/6/2022,579751441,event238
-400,,,11/8/2022,579751441,event239
-21,,,6/12/2022,579969717,event446